code,common_name
ABTO,Abert's Towhee
ACFL,Acadian Flycatcher
ACWO,Acorn Woodpecker
ADWA,Adelaide's Warbler
AFCD,African Collared-Dove
AFSI,African Silverbill
AGHE,Agami Heron
AISP,Ainley's Storm-Petrel
AKEK,Akekee
AKIA,Akiapolaau
AKIK,Akikiki
AKOH,Akohekohe
AMMU,Alaska Marbled Murrelet
ALFL,Alder Flycatcher
ACGO,Aleutian Cackling Goose
ALTE,Aleutian Tern
ALHU,Allen's Hummingbird
ALSW,Alpine Swift
ALOR,Altamira Oriole
ALYE,Altamira Yellowthroat
AMAU,Amaui
AMHU,Amazilia Hummingbird
AMKI,Amazon Kingfisher
AMAV,American Avocet
ABOW,American Barn Owl
AMBI,American Bittern
ABDU,American Black Duck
AMCO,American Coot
AMCR,American Crow
AMDI,American Dipper
AMFL,American Flamingo
AMGP,American Golden-Plover
AGOL,American Goldfinch
AGOS,American Goshawk
AGWT,American Green-winged Teal
AHGU,American Herring Gull
AMKE,American Kestrel
AMOY,American Oystercatcher
AMPI,American Pipit
APKI,American Pygmy Kingfisher
AMRE,American Redstart
AMRO,American Robin
ATTW,American Three-toed Woodpecker
ATSP,American Tree Sparrow
AWPE,American White Pelican
AMWI,American Wigeon
AMWO,American Woodcock
ATMG,Amethyst-throated Mountain-gem
ANMU,Ancient Murrelet
ANHI,Anhinga
ANIA,Anianiau
ANHU,Anna's Hummingbird
ACHH,Anna's x Costa's Hummingbird Hybrid
ANCH,Antillean Crested Hummingbird
ANNI,Antillean Nighthawk
ANPS,Antillean Palm-Swift
ANPI,Antillean Piculet
ANSI,Antillean Siskin
APAP,Apapane
APFA,Aplomado Falcon
ARLO,Arctic Loon
ARTE,Arctic Tern
ARWA,Arctic Warbler
AKLW,Arctic/Kamchatka Leaf Warbler
ARWO,Arizona Woodpecker
ARRW,Arrowhead Warbler
ATFL,Ash-throated Flycatcher
ASSP,Ashy Storm-Petrel
AFOW,Ashy-faced Owl
ATCH,Ashy-throated Chlorospingus
ABFL,Asian Brown Flycatcher
ASRF,Asian Rosy-Finch
ASST,Asian Stonechat
ATGR,Atitlan Grebe
ATBR,Atlantic Brant
ATPU,Atlantic Puffin
ACCA,Audubon's Crested Caracara
AUOR,Audubon's Oriole
AUWA,Audubon's Warbler
AZRA,Aztec Rail
AZTH,Aztec Thrush
AZGA,Azure Gallinule
AZCH,Azure-crowned Hummingbird
AHJA,Azure-hooded Jay
ARTA,Azure-rumped Tanager
BACS,Bachman's Sparrow
BAWA,Bachman's Warbler
BAMO,Bahama Mockingbird
BANU,Bahama Nuthatch
BAHO,Bahama Oriole
BAHS,Bahama Swallow
BAHW,Bahama Warbler
BAWO,Bahama Woodstar
BAYE,Bahama Yellowthroat
BATE,Baikal Teal
BAJU,Baird's Junco
BASA,Baird's Sandpiper
BAIS,Baird's Sparrow
BATR,Baird's Trogon
BAEA,Bald Eagle
BASO,Balsas Screech-Owl
BAOR,Baltimore Oriole
BANA,Bananaquit
BABW,Band-backed Wren
BAQU,Banded Quail
BANW,Banded Wren
BSTP,Band-rumped Storm-Petrel
BRSW,Band-rumped Swift
BTBA,Band-tailed Barbthroat
BTPI,Band-tailed Pigeon
BANS,Bank Swallow
BABU,Barbados Bullfinch
BARW,Barbuda Warbler
BACA,Bare-crowned Antbird
BLOW,Bare-legged Owl
BNUM,Bare-necked Umbrellabird
BSSO,Bare-shanked Screech-Owl
BTTH,Bare-throated Tiger-Heron
BARS,Barn Swallow
BARG,Barnacle Goose
BASH,Barolo Shearwater
BAAN,Barred Antshrike
BABE,Barred Becard
BAFF,Barred Forest-Falcon
BAHA,Barred Hawk
BAOW,Barred Owl
BAPA,Barred Parakeet
BAPU,Barred Puffbird
BAGO,Barrow's Goldeneye
BTGO,Bar-tailed Godwit
BWOR,Bar-winged Oriole
BAFA,Bat Falcon
BAYW,Bay Wren
BBRC,Bay-breasted Cuckoo
BBWA,Bay-breasted Warbler
BHTA,Bay-headed Tanager
BESO,Bearded Screech-Owl
BEWP,Bearded Wood-Partridge
BEAH,Beautiful Hummingbird
BETR,Beautiful Treerunner
BEEH,Bee Hummingbird
BEGU,Belcher's Gull
BSSP,Belding's Savannah Sparrow
BEYE,Belding's Yellowthroat
BESP,Bell's Sparrow
BEVI,Bell's Vireo
BEFL,Belted Flycatcher
BEKI,Belted Kingfisher
BETH,Bendire's Thrasher
BEPE,Bermuda Petrel
BEHU,Berylline Hummingbird
BESW,Bewick's Swan
BEWR,Bewick's Wren
BITH,Bicknell's Thrush
BIAN,Bicolored Antbird
BIHA,Bicolored Hawk
BIWR,Bicolored Wren
BIOO,Bishop's Oo
BLAN,Black Antshrike
BLBR,Black Brant
BLCA,Black Catbird
BLFR,Black Francolin
BLAG,Black Guan
BLGU,Black Guillemot
BLHE,Black Hawk-Eagle
BLAK,Black Kite
BLMA,Black Mamo
BLNO,Black Noddy
BLOR,Black Oropendola
BLOY,Black Oystercatcher
BLPH,Black Phoebe
BLRA,Black Rail
BLRF,Black Rosy-Finch
BLSC,Black Scoter
BLSK,Black Skimmer
BLSP,Black Storm-Petrel
BLSW,Black Swift
BLTE,Black Tern
BLTH,Black Thrush
BLTU,Black Turnstone
BLVU,Black Vulture
BABI,Black X Atlantic Brant Intergrade
BAWB,Black-and-white Becard
BAWH,Black-and-white Hawk-Eagle
BLWO,Black-and-white Owl
BAWW,Black-and-white Warbler
BAYS,Black-and-yellow Silky-flycatcher
BAYT,Black-and-yellow Tanager
BBOR,Black-backed Oriole
BBWO,Black-backed Woodpecker
BBNW,Black-banded Woodcreeper
BLBH,Black-bellied Hummingbird
BBPL,Black-bellied Plover
BBSP,Black-bellied Storm-Petrel
BBWD,Black-bellied Whistling-Duck
BBEW,Black-bellied Wren
BBAM,Black-billed Amazon
BBCU,Black-billed Cuckoo
BLBF,Black-billed Flycatcher
BBMA,Black-billed Magpie
BBNT,Black-billed Nightingale-Thrush
BBST,Black-billed Streamertail
BBPU,Black-breasted Puffbird
BBWQ,Black-breasted Wood-Quail
BBAL,Black-browed Albatross
BLBW,Blackburnian Warbler
BCCH,Black-capped Chickadee
BCDO,Black-capped Donacobius
BCAF,Black-capped Flycatcher
BCGN,Black-capped Gnatcatcher
BCPE,Black-capped Petrel
BPYT,Black-capped Pygmy-Tyrant
BCSI,Black-capped Siskin
BCSW,Black-capped Swallow
BCVI,Black-capped Vireo
BCAT,Black-cheeked Ant-Tanager
BCWA,Black-cheeked Warbler
BCWO,Black-cheeked Woodpecker
BCHJ,Black-chested Jay
BCHS,Black-chested Sparrow
BCHU,Black-chinned Hummingbird
BCSP,Black-chinned Sparrow
BCHA,Black-collared Hawk
BCOR,Black-cowled Oriole
BCCO,Black-crested Coquette
BCTI,Black-crested Titmouse
BCAP,Black-crowned Antpitta
BCAS,Black-crowned Antshrike
BCNH,Black-crowned Night Heron
BPLT,Black-crowned Palm-Tanager
BCRT,Black-crowned Tityra
BEWQ,Black-eared Wood-Quail
BFAN,Black-faced Antthrush
BFGR,Black-faced Grassquit
BFAG,Black-faced Grosbeak
BFSO,Black-faced Solitaire
BFAL,Black-footed Albatross
BHEA,Black-headed Antthrush
BHBR,Black-headed Brushfinch
BHGR,Black-headed Grosbeak
BHGU,Black-headed Gull
BHNT,Black-headed Nightingale-Thrush
BHSA,Black-headed Saltator
BHSI,Black-headed Siskin
BHTF,Black-headed Tody-Flycatcher
BHTR,Black-headed Trogon
BHOA,Black-hooded Antshrike
BLKI,Black-legged Kittiwake
BNST,Black-necked Stilt
BLPW,Blackpoll Warbler
BPYE,Black-polled Yellowthroat
BLRW,Black-rumped Waxbill
BSTS,Black-striped Sparrow
BSWO,Black-striped Woodcreeper
BTFL,Black-tailed Flycatcher
BTGN,Black-tailed Gnatcatcher
BLTG,Black-tailed Godwit
BTGU,Black-tailed Gull
BTTR,Black-tailed Trogon
BTGG,Black-thighed Grosbeak
BTBW,Black-throated Blue Warbler
BTBO,Black-throated Bobwhite
BTYW,Black-throated Gray Warbler
BTNW,Black-throated Green Warbler
BTJA,Black-throated Jay
BTMJ,Black-throated Magpie-Jay
BTMA,Black-throated Mango
BTST,Black-throated Shrike-Tanager
BTSP,Black-throated Sparrow
BTWR,Black-throated Wren
BTCO,Black-tipped Cotinga
BVOR,Black-vented Oriole
BVSH,Black-vented Shearwater
BWVI,Black-whiskered Vireo
BWPE,Black-winged Petrel
BWST,Black-winged Stilt
BLBU,Blue Bunting
BLCO,Blue Cotinga
BLDA,Blue Dacnis
BLGR,Blue Grosbeak
BGDO,Blue Ground Dove
BLJA,Blue Jay
BLMO,Blue Mockingbird
BMVI,Blue Mountain Vireo
BLRT,Blue Rock-thrush
BLSE,Blue Seedeater
BAGT,Blue-and-gold Tanager
BAWM,Blue-and-white Mockingbird
BAWS,Blue-and-white Swallow
BAYM,Blue-and-yellow Macaw
BBWT,Blue-billed White-Tern
BBGR,Blue-black Grassquit
BGRO,Blue-black Grosbeak
BCAH,Blue-capped Hummingbird
BCMO,Blue-capped Motmot
BCHH,Blue-chested Hummingbird
BCRC,Blue-crowned Chlorophonia
BFBO,Blue-footed Booby
BFPA,Blue-fronted Parrotlet
BGGN,Blue-gray Gnatcatcher
BGNO,Blue-gray Noddy
BGTA,Blue-gray Tanager
BHHU,Blue-headed Hummingbird
BHEP,Blue-headed Parrot
BHQD,Blue-headed Quail-Dove
BHVI,Blue-headed Vireo
BTAH,Blue-tailed Hummingbird
BLUE,Bluethroat
BTRG,Blue-throated Goldentail
BTMO,Blue-throated Motmot
BTMG,Blue-throated Mountain-gem
BVHU,Blue-vented Hummingbird
GBWH,Blue-wg. x Golden-wg. Warbler Hybrid
BWTE,Blue-winged Teal
BWWA,Blue-winged Warbler
BCTE,Blue-winged/Cinnamon Teal
BREW,Blyth's Reed Warbler
BOBF,Boat-billed Flycatcher
BBHE,Boat-billed Heron
BTGR,Boat-tailed Grackle
BOBO,Bobolink
BOWA,Bohemian Waxwing
BOGU,Bonaparte's Gull
BOPE,Bonin Petrel
BOCH,Boreal Chickadee
BOOW,Boreal Owl
BOSP,Botteri's Sparrow
BOWR,Boucard's Wren
BREM,Brace's Emerald
BRAM,Brambling
BCOF,Bran-colored Flycatcher
BRAC,Brandt's Cormorant
BRAN,Brant
BRBL,Brewer's Blackbird
BRSP,Brewer's Sparrow
BRWA,Brewster's Warbler
BRQD,Bridled Quail-Dove
BRIS,Bridled Sparrow
BRTE,Bridled Tern
BRTI,Bridled Titmouse
BRAT,Bright-rumped Attila
BTCU,Bristle-thighed Curlew
BBIH,Broad-billed Hummingbird
BBMO,Broad-billed Motmot
BBIS,Broad-billed Sandpiper
BBTO,Broad-billed Tody
BTHU,Broad-tailed Hummingbird
BWHA,Broad-winged Hawk
BRMA,Bronze Mannikin
BROC,Bronzed Cowbird
BOPT,Bronze-olive Pygmy-Tyrant
BTPL,Bronze-tailed Plumeleteer
BRHE,Bronzy Hermit
BRBO,Brown Booby
BRCR,Brown Creeper
BRJA,Brown Jay
BRNO,Brown Noddy
BRPE,Brown Pelican
BROS,Brown Shrike
BRTH,Brown Thrasher
BRTR,Brown Trembler
BRVI,Brown Violetear
BBSO,Brown-backed Solitaire
BBSC,Brown-billed Scythebill
BCRF,Brown-capped Rosy-Finch
BCTY,Brown-capped Tyrannulet
BCAV,Brown-capped Vireo
BCMA,Brown-chested Martin
BCFL,Brown-crested Flycatcher
BHCO,Brown-headed Cowbird
BHNU,Brown-headed Nuthatch
BHOP,Brown-hooded Parrot
BRTW,Brownish Twistwing
BTPA,Brown-throated Parakeet
BRYS,Bryan's Shearwater
BBEH,Buff-bellied Hummingbird
BBFL,Buff-breasted Flycatcher
BBSA,Buff-breasted Sandpiper
BBRW,Buff-breasted Wren
BCNI,Buff-collared Nightjar
BFFG,Buff-fronted Foliage-gleaner
BFQD,Buff-fronted Quail-Dove
BUFF,Bufflehead
BNIB,Buff-necked Ibis
BURW,Buff-rumped Warbler
BTSA,Buff-throated Saltator
BUTU,Buffy Tuftedcheek
BCWP,Buffy-crowned Wood-Partridge
BULS,Buller's Shearwater
BUOR,Bullock's Oriole
BBOH,Bullock's x Baltimore Oriole Hybrid
BUPE,Bulwer's Petrel
BUHU,Bumblebee Hummingbird
BUOW,Burrowing Owl
BUSH,Bushtit
BCRJ,Bushy-crested Jay
CAGS,Cabanis's Ground-Sparrow
CABW,Cabanis's Wren
CACG,Cackling Goose
CCGO,Cackling/Canada Goose
CACW,Cactus Wren
CBRA,California Black Rail
CACO,California Condor
CAGN,California Gnatcatcher
CAGU,California Gull
CLTE,California Least Tern
CAQU,California Quail
CRRA,California Ridgway's Rail
CASJ,California Scrub-Jay
CSOW,California Spotted Owl
CATH,California Thrasher
CALT,California Towhee
CAHU,Calliope Hummingbird
CANG,Canada Goose
CAJA,Canada Jay
CAWA,Canada Warbler
CAKW,Canebrake Wren
CAEM,Canivet's Emerald
CANV,Canvasback
CANT,Canyon Towhee
CANW,Canyon Wren
CMWA,Cape May Warbler
CSSS,Cape Sable Seaside-Sparrow
CVSH,Cape Verde Shearwater
CAHE,Capped Heron
CAGR,Carib Grackle
CADO,Caribbean Dove
CAEL,Caribbean Elaenia
CAMA,Caribbean Martin
CATA,Carmiol's Tanager
CACH,Carolina Chickadee
CAPA,Carolina Parakeet
CARW,Carolina Wren
CATE,Caspian Tern
CACR,Cassia Crossbill
CAAU,Cassin's Auklet
CAFI,Cassin's Finch
CAKI,Cassin's Kingbird
CASP,Cassin's Sparrow
CAVI,Cassin's Vireo
CATY,Cattle Tyrant
CASW,Cave Swallow
CAYT,Cayenne Tern
CEDW,Cedar Waxwing
CAPO,Central American Pygmy-Owl
CERW,Cerulean Warbler
CHAS,Chapman's Swift
CHHU,Charming Hummingbird
CHAL,Chatham Albatross
CTST,Checker-throated Stipplethroat
CHMU,Chestnut Munia
CBAN,Chestnut-backed Antbird
CBCH,Chestnut-backed Chickadee
CBCU,Chestnut-bellied Cuckoo
CBSA,Chestnut-bellied Sandgrouse
CCBR,Chestnut-capped Brushfinch
CCAW,Chestnut-capped Warbler
CCLO,Chestnut-collared Longspur
CCSW,Chestnut-collared Swift
CCOW,Chestnut-colored Woodpecker
CFMA,Chestnut-fronted Macaw
CHOR,Chestnut-headed Oropendola
CSSV,Chestnut-sided Shrike-Vireo
CSWA,Chestnut-sided Warbler
CHME,Chihuahuan Meadowlark
CHRA,Chihuahuan Raven
CHSW,Chimney Swift
CHEG,Chinese Egret
CHPH,Chinese Pond-Heron
CHIS,Chinese Sparrowhawk
CHSP,Chipping Sparrow
CHFG,Chiriqui Foliage-gleaner
CHQD,Chiriqui Quail-Dove
CHSO,Choco Screech-Owl
CHSI,Choco Sirystes
CHTA,Choco Tapaculo
CHTI,Choco Tinamou
CHSH,Christmas Shearwater
CWWI,Chuck-will's-widow
CHUK,Chukar
CIRB,Cinereous Becard
CIOW,Cinereous Owl
CIMB,Cinnamon Becard
CIHU,Cinnamon Hummingbird
CITE,Cinnamon Teal
CIWO,Cinnamon Woodpecker
CBFL,Cinnamon-bellied Flowerpiercer
CIBS,Cinnamon-bellied Saltator
CRSE,Cinnamon-rumped Seedeater
CTSP,Cinnamon-tailed Sparrow
CITR,Citreoline Trogon
CIWA,Citrine Wagtail
CLRA,Clapper Rail
CLWR,Clarion Wren
CLGR,Clark's Grebe
CLNU,Clark's Nutcracker
CCSP,Clay-colored Sparrow
CCTH,Clay-colored Thrush
CLSW,Cliff Swallow
COCT,Cocoa Thrush
COWO,Cocoa Woodcreeper
COHE,Cocoi Heron
COBO,Cocos Booby
COCC,Cocos Cuckoo
COFI,Cocos Finch
COFL,Cocos Flycatcher
COSP,Coiba Spinetail
CPYO,Colima Pygmy-Owl
COLW,Colima Warbler
COAR,Collared Aracari
COFF,Collared Forest-Falcon
COPL,Collared Plover
COPR,Collared Pratincole
COLR,Collared Redstart
COTO,Collared Towhee
COTR,Collared Trogon
COLC,Colombian Crake
CODU,Comb Duck
COBH,Common Black Hawk
CCHA,Common Chaffinch
CCHI,Common Chiffchaff
COCL,Common Chlorospingus
CCRA,Common Crane
COCU,Common Cuckoo
COEI,Common Eider
COGA,Common Gallinule
COGO,Common Goldeneye
COGR,Common Grackle
COMG,Common Greenshank
CGDO,Common Ground Dove
COGU,Common Gull
COHO,Common Hoopoe
COLO,Common Loon
COME,Common Merganser
COMO,Common Moorhen
COMU,Common Murre
COMY,Common Myna
CONI,Common Nighthawk
COPA,Common Pauraque
COMP,Common Pochard
COPO,Common Poorwill
CPOT,Common Potoo
CORA,Common Raven
CREH,Common Redshank
CRET,Common Redstart
CRPL,Common Ringed Plover
CORO,Common Rosefinch
COSA,Common Sandpiper
COSC,Common Scoter
COMS,Common Shelduck
COSN,Common Snipe
CSCU,Common Squirrel Cuckoo
COSW,Common Swift
COTE,Common Tern
COTF,Common Tody-Flycatcher
COMW,Common Waxbill
CWPI,Common Wood Pigeon
COYE,Common Yellowthroat
CONW,Connecticut Warbler
COPE,Cook's Petrel
COHA,Cooper's Hawk
CHEM,Coppery-headed Emerald
CORC,Corn Crake
CORS,Cory's Shearwater
CRBR,Costa Rican Brushfinch
CRPO,Costa Rican Pygmy-Owl
CRSW,Costa Rican Swift
CRWA,Costa Rican Warbler
COHU,Costa's Hummingbird
COKI,Couch's Kingbird
COEM,Cozumel Emerald
COZT,Cozumel Thrasher
COVI,Cozumel Vireo
COWR,Cozumel Wren
CRHA,Crane Hawk
CRMU,Craveri's Murrelet
CCWA,Crescent-chested Warbler
CRAU,Crested Auklet
CRBO,Crested Bobwhite
CRCA,Crested Caracara
CREA,Crested Eagle
CRGU,Crested Guan
CROR,Crested Oropendola
CROW,Crested Owl
CRQD,Crested Quail-Dove
CBTA,Crimson-backed Tanager
CBWO,Crimson-bellied Woodpecker
CCGR,Crimson-collared Grosbeak
CCTA,Crimson-collared Tanager
CCRW,Crimson-crested Woodpecker
CFPA,Crimson-fronted Parakeet
CRTH,Crissal Thrasher
CSFL,Crowned Slaty Flycatcher
CRWO,Crowned Woodnymph
CUAM,Cuban Amazon
CUBH,Cuban Black Hawk
CUBL,Cuban Blackbird
CUBU,Cuban Bullfinch
CUCR,Cuban Crow
CUEM,Cuban Emerald
CUGN,Cuban Gnatcatcher
CUGR,Cuban Grassquit
CGWO,Cuban Green Woodpecker
CUKI,Cuban Kite
CUBM,Cuban Macaw
CUMA,Cuban Martin
CUNI,Cuban Nightjar
CUOR,Cuban Oriole
CUPC,Cuban Palm-Crow
CUPA,Cuban Parakeet
CUPE,Cuban Pewee
CUPO,Cuban Pygmy-Owl
CUSO,Cuban Solitaire
CUTO,Cuban Tody
CUTR,Cuban Trogon
CUVI,Cuban Vireo
CUSA,Curlew Sandpiper
CBTH,Curve-billed Thrasher
DATH,Dagua Thrush
DAPE,Dark Pewee
DBCU,Dark-billed Cuckoo
DEJU,Dark-eyed Junco
DSFL,Dark-sided Flycatcher
DICK,Dickcissel
DWAN,Dot-winged Antwren
DBGR,Double-banded Graytail
DCCO,Double-crested Cormorant
DSTK,Double-striped Thick-knee
DTKI,Double-toothed Kite
DOVE,Dovekie
DOWO,Downy Woodpecker
DMAN,Dull-mantled Antbird
DUNL,Dunlin
DUAN,Dusky Antbird
DUFL,Dusky Flycatcher
DUGR,Dusky Grouse
DUHU,Dusky Hummingbird
DUNI,Dusky Nightjar
DUPI,Dusky Pigeon
DSSP,Dusky Seaside-Sparrow
DUTH,Dusky Thrush
DUWA,Dusky Warbler
DBJA,Dusky-backed Jacamar
DCFL,Dusky-capped Flycatcher
DFTA,Dusky-faced Tanager
DWCU,Dwarf Cuckoo
DWJA,Dwarf Jay
DWVI,Dwarf Vireo
EADO,Eared Dove
EAGR,Eared Grebe
EAPO,Eared Poorwill
EAQU,Eared Quetzal
EBRA,Eastern Black Rail
EABL,Eastern Bluebird
EACE,Eastern Cattle-Egret
EACT,Eastern Chat-Tanager
EAKI,Eastern Kingbird
EAME,Eastern Meadowlark
EAPH,Eastern Phoebe
EASO,Eastern Screech-Owl
ESBD,Eastern Spot-billed Duck
EATO,Eastern Towhee
EAWV,Eastern Warbling-Vireo
EWPW,Eastern Whip-poor-will
EWCS,Eastern White-crowned Sparrow
EAWP,Eastern Wood-Pewee
EYWA,Eastern Yellow Wagtail
EWME,Eastern/Western Meadowlark
EGGO,Egyptian Goose
ELEU,Elegant Euphonia
ELQU,Elegant Quail
ELTE,Elegant Tern
ELTR,Elegant Trogon
ELOW,Elf Owl
EWWA,Elfin-woods Warbler
EMTA,Emerald Tanager
ECHU,Emerald-chinned Hummingbird
EMGO,Emperor Goose
ERFR,Erckel's Francolin
ESCU,Eskimo Curlew
EUFL,Euler's Flycatcher
EUBB,Eurasian Blackbird
EUBC,Eurasian Blackcap
EUBU,Eurasian Bullfinch
EUCD,Eurasian Collared-Dove
EUCO,Eurasian Coot
EUCU,Eurasian Curlew
EUDO,Eurasian Dotterel
EGOS,Eurasian Goshawk
EGWT,Eurasian Green-winged Teal
EUHO,Eurasian Hobby
EUJA,Eurasian Jackdaw
EUKE,Eurasian Kestrel
EUOY,Eurasian Oystercatcher
EUSI,Eurasian Siskin
EUSK,Eurasian Skylark
ESPA,Eurasian Sparrowhawk
ESPO,Eurasian Spoonbill
ETSP,Eurasian Tree Sparrow
EUWI,Eurasian Wigeon
EUWO,Eurasian Woodcock
EUWR,Eurasian Wryneck
EUGP,European Golden-Plover
EGOL,European Goldfinch
EHGU,European Herring Gull
EURO,European Robin
EUST,European Starling
EUSP,European Storm-Petrel
EUTD,European Turtle-Dove
EVGR,Evening Grosbeak
EYTH,Eyebrowed Thrush
ERFL,Eye-ringed Flatbill
FADU,Falcated Duck
FTWA,Fan-tailed Warbler
FECU,Far Eastern Curlew
FAAN,Fasciated Antshrike
FTHE,Fasciated Tiger-Heron
FTFG,Fawn-throated Foliage-gleaner
FEPE,Fea's Petrel
FEFL,Fernandina's Flicker
FEHA,Ferruginous Hawk
FEPO,Ferruginous Pygmy-Owl
FISP,Field Sparrow
FIEL,Fieldfare
FBAR,Fiery-billed Aracari
FTHU,Fiery-throated Hummingbird
FICR,Fish Crow
FSSP,Five-striped Sparrow
FCTA,Flame-colored Tanager
FRTA,Flame-rumped Tanager
FTHW,Flame-throated Warbler
FLFL,Flammulated Flycatcher
FLOW,Flammulated Owl
FBVI,Flat-billed Vireo
FFSH,Flesh-footed Shearwater
FLIN,Flicker Intergrade
FGSP,Florida Grasshopper Sparrow
FLSJ,Florida Scrub-Jay
FOEL,Forest Elaenia
FOTH,Forest Thrush
FTFL,Fork-tailed Flycatcher
FTSP,Fork-tailed Storm-Petrel
FTSW,Fork-tailed Swift
FOTE,Forster's Tern
FOSP,Fox Sparrow
FRGU,Franklin's Gull
FUOW,Fulvous Owl
FUWD,Fulvous Whistling-Duck
FVEU,Fulvous-vented Euphonia
GADW,Gadwall
GAPE,Galapagos Petrel
GASH,Galapagos Shearwater
GAQU,Gambel's Quail
GWCS,Gambel's White-crowned Sparrow
GAEM,Garden Emerald
GARG,Garganey
GATH,Garnet-throated Hummingbird
GATR,Gartered Trogon
GICO,Giant Cowbird
GIKI,Giant Kingbird
GIWR,Giant Wren
GIWO,Gila Woodpecker
GIFL,Gilded Flicker
GLGU,Glaucous Gull
GWGU,Glaucous-winged Gull
GLIB,Glossy Ibis
GLTH,Glow-throated Hummingbird
GOEA,Golden Eagle
GOSW,Golden Swallow
GOVI,Golden Vireo
GBFL,Golden-bellied Flycatcher
GBCH,Golden-browed Chlorophonia
GBWA,Golden-browed Warbler
GCWA,Golden-cheeked Warbler
GCHW,Golden-cheeked Woodpecker
GCMA,Golden-collared Manakin
GCEM,Golden-crowned Emerald
GCKI,Golden-crowned Kinglet
GCRS,Golden-crowned Spadebill
GCSP,Golden-crowned Sparrow
GCRW,Golden-crowned Warbler
GFGR,Golden-fronted Greenlet
GFWO,Golden-fronted Woodpecker
GGWO,Golden-green Woodpecker
GHMA,Golden-headed Manakin
GHQU,Golden-headed Quetzal
GHOT,Golden-hooded Tanager
GNWO,Golden-naped Woodpecker
GOWO,Golden-olive Woodpecker
GWWA,Golden-winged Warbler
GBTT,Graceful Black-throated Trogon
GRWA,Grace's Warbler
GCBU,Grand Cayman Bullfinch
GCAT,Grand Cayman Thrush
GWRE,Grass Wren
GRSP,Grasshopper Sparrow
GRYF,Grassland Yellow-Finch
GRBU,Gray Bunting
GRCA,Gray Catbird
GRAE,Gray Elaenia
GRFL,Gray Flycatcher
GRAF,Gray Francolin
GRGU,Gray Gull
GRHA,Gray Hawk
GRAH,Gray Heron
GRAK,Gray Kingbird
GRNI,Gray Nightjar
GRAP,Gray Partridge
GRSF,Gray Silky-flycatcher
GRAT,Gray Thrasher
GRTR,Gray Trembler
GRVI,Gray Vireo
GRAW,Gray Wagtail
GAGT,Gray-and-gold Tanager
GBAT,Gray-backed Tern
GBWR,Gray-barred Wren
GBEH,Gray-bellied Hawk
GBCR,Gray-breasted Crake
GYBM,Gray-breasted Martin
GBWO,Gray-breasted Woodpecker
GBWW,Gray-breasted Wood-Wren
GCCU,Gray-capped Cuckoo
GCAF,Gray-capped Flycatcher
GCNU,Gray-cheeked Nunlet
GCTH,Gray-cheeked Thrush
GCBT,Gray-cheeked/Bicknell's Thrush
GCDO,Gray-chested Dove
GCBE,Gray-collared Becard
GCWR,Gray-cowled Wood-Rail
GCPT,Gray-crowned Palm-Tanager
GCRF,Gray-crowned Rosy-Finch
GRCW,Gray-crowned Woodpecker
GCYE,Gray-crowned Yellowthroat
GFPE,Gray-faced Petrel
GFQD,Gray-fronted Quail-Dove
GHEC,Gray-headed Chachalaca
GHCH,Gray-headed Chickadee
GHDO,Gray-headed Dove
GHJU,Gray-headed Junco
GHKI,Gray-headed Kite
GHPI,Gray-headed Piprites
GHET,Gray-headed Tanager
GHGU,Gray-hooded Gull
GRGO,Graylag Goose
GLHA,Gray-lined Hawk
GRSW,Gray-rumped Swift
GSFL,Gray-streaked Flycatcher
GTTA,Gray-tailed Tattler
GTCH,Gray-throated Chat
GTLE,Gray-throated Leaftosser
GANT,Great Antshrike
GRAU,Great Auk
GBHA,Great Black Hawk
GBBG,Great Black-backed Gull
GBHE,Great Blue Heron
GRCO,Great Cormorant
GCFL,Great Crested Flycatcher
GCTE,Great Crested Tern
GRCU,Great Curassow
GREG,Great Egret
GREF,Great Frigatebird
GGOW,Great Gray Owl
GGMA,Great Green Macaw
GHOW,Great Horned Owl
GREJ,Great Jacamar
GKIS,Great Kiskadee
GRKN,Great Knot
GRLC,Great Lizard-Cuckoo
GRPO,Great Potoo
GRSH,Great Shearwater
GRSK,Great Skua
GSWO,Great Spotted Woodpecker
GSTS,Great Swallow-tailed Swift
GRTI,Great Tinamou
GWHE,Great White Heron
GRAM,Greater Amakihi
GRTA,Greater Ani
GABU,Greater Antillean Bullfinch
GAEL,Greater Antillean Elaenia
GAGR,Greater Antillean Grackle
GRKF,Greater Koa-Finch
GNLA,Greater Necklaced Laughingthrush
GRPE,Greater Pewee
GRPC,Greater Prairie-Chicken
GRRO,Greater Roadrunner
GRSG,Greater Sage-Grouse
GSAP,Greater Sand-Plover
GRSC,Greater Scaup
GSGB,Greater Snow Goose Blue-morph
GSGI,Greater Snow Goose Intermediate-morph
GSGW,Greater Snow Goose White-morph
GWFG,Greater White-fronted Goose
GRYE,Greater Yellowlegs
GTGR,Great-tailed Grackle
GREH,Green Hermit
GRHE,Green Heron
GRHO,Green Honeycreeper
GRIB,Green Ibis
GRJA,Green Jay
GKIN,Green Kingfisher
GMAK,Green Manakin
GMAG,Green Mango
GREP,Green Parakeet
GRSA,Green Sandpiper
GRSV,Green Shrike-Vireo
GRET,Green Thorntail
GARK,Green-and-rufous Kingfisher
GBSP,Green-backed Sparrow
GNBM,Green-breasted Mango
GBMG,Green-breasted Mountain-gem
GCBR,Green-crowned Brilliant
GFHU,Green-fronted Hummingbird
GFRL,Green-fronted Lancebill
GREL,Greenish Elaenia
GRPU,Greenish Puffleg
GNTA,Green-naped Tanager
GRUP,Green-rumped Parrotlet
GSBR,Green-striped Brushfinch
GTTO,Green-tailed Towhee
GTWA,Green-tailed Warbler
GTCA,Green-throated Carib
GTMG,Green-throated Mountain-gem
GWTE,Green-winged Teal
GRDO,Grenada Dove
GFLY,Grenada Flycatcher
GREW,Grenada Wren
GBAN,Groove-billed Ani
GUCA,Guadalupe Caracara
GUJU,Guadalupe Junco
GUMU,Guadalupe Murrelet
GUSP,Guadalupe Storm-Petrel
GUWO,Guadeloupe Woodpecker
GUFL,Guatemalan Flicker
GUTY,Guatemalan Tyrannulet
GBTE,Gull-billed Tern
GUHA,Gundlach's Hawk
GUSG,Gunnison Sage-Grouse
GYRF,Gyrfalcon
HAWO,Hairy Woodpecker
HAFL,Hammond's Flycatcher
HDFL,Hammond's/Dusky Flycatcher
HAWR,Happy Wren
HRLH,Harlan's Hawk
HADU,Harlequin Duck
HAEA,Harpy Eagle
HAHA,Harris's Hawk
HASP,Harris's Sparrow
HAAK,Hawaii Akepa
HAAM,Hawaii Amakihi
HCRE,Hawaii Creeper
HAEL,Hawaii Elepaio
HAMA,Hawaii Mamo
HAOO,Hawaii Oo
HACO,Hawaiian Coot
HCRO,Hawaiian Crow
HAWD,Hawaiian Duck
HAGA,Hawaiian Gallinule
HAGO,Hawaiian Goose
HAWH,Hawaiian Hawk
HAPE,Hawaiian Petrel
HARA,Hawaiian Rail
HAST,Hawaiian Stilt
HAWF,Hawfinch
HEGU,Heermann's Gull
HELG,Helmeted Guineafowl
HESP,Henslow's Sparrow
HETA,Hepatic Tanager
HEPE,Herald Petrel
HETH,Hermit Thrush
HEWA,Hermit Warbler
HIGU,Highland Guan
HITI,Highland Tinamou
HISN,Himalayan Snowcock
HIAM,Hispaniolan Amazon
HICR,Hispaniolan Crossbill
HIEM,Hispaniolan Emerald
HIEU,Hispaniolan Euphonia
HILC,Hispaniolan Lizard-Cuckoo
HIMA,Hispaniolan Mango
HINI,Hispaniolan Nightjar
HIOR,Hispaniolan Oriole
HIPC,Hispaniolan Palm-Crow
HIPA,Hispaniolan Parakeet
HIPE,Hispaniolan Pewee
HISP,Hispaniolan Spindalis
HITR,Hispaniolan Trogon
HIWO,Hispaniolan Woodpecker
HOWO,Hoffmann's Woodpecker
HOEM,Honduran Emerald
HOCR,Hooded Crane
HCRW,Hooded Crow
HOOG,Hooded Grosbeak
HOME,Hooded Merganser
HOOR,Hooded Oriole
HOWA,Hooded Warbler
HOYE,Hooded Yellowthroat
HBKI,Hook-billed Kite
HOGR,Horned Grebe
HOGU,Horned Guan
HOLA,Horned Lark
HOPU,Horned Puffin
HOFI,House Finch
HOSP,House Sparrow
HUGO,Hudsonian Godwit
HUSA,Humboldt's Sapphire
HUVI,Hutton's Vireo
HWAM,Hwamei
HYBL,Hybrid Bluebird
HYCH,Hybrid Chickadee
HYHU,Hybrid Hummingbird
HYSA,Hybrid Sapsucker
HYTO,Hybrid Towhee
HYWA,Hybrid Warbler
ICGU,Iceland Gull
ICWA,Icterine Warbler
IIWI,Iiwi
IMAM,Imperial Amazon
IMWO,Imperial Woodpecker
INWO,Inagua Woodstar
INDO,Inca Dove
INTE,Inca Tern
INPE,Indian Peafowl
INSI,Indian Silverbill
INBU,Indigo Bunting
ILBH,Indigo X Lazuli Bunting Hybrid
ILTE,Interior Least Tern
ICTO,Inyo California Towhee
IPSP,Ipswich Sparrow
ISCA,Island Canary
ISSJ,Island Scrub-Jay
ISWR,Isthmian Wren
IVGU,Ivory Gull
IBIW,Ivory-billed Woodcreeper
IBWO,Ivory-billed Woodpecker
JABI,Jabiru
JASN,Jack Snipe
JABE,Jamaican Becard
JABL,Jamaican Blackbird
JACR,Jamaican Crow
JAEL,Jamaican Elaenia
JAEU,Jamaican Euphonia
JALC,Jamaican Lizard-Cuckoo
JAMA,Jamaican Mango
JAOR,Jamaican Oriole
JAOW,Jamaican Owl
JAPA,Jamaican Pauraque
JPET,Jamaican Petrel
JPEW,Jamaican Pewee
JAMS,Jamaican Spindalis
JATO,Jamaican Tody
JAVI,Jamaican Vireo
JAWO,Jamaican Woodpecker
JBWA,Japanese Bush Warbler
JAQU,Japanese Quail
JASP,Java Sparrow
JEAN,Jet Antbird
JOPE,Jouanin's Petrel
JFPE,Juan Fernandez Petrel
JUTI,Juniper Titmouse
KAKA,Kakawahie
KAPH,Kalij Pheasant
KAWR,Kalinago Wren
KAMA,Kamao
KLWA,Kamchatka Leaf Warbler
KAAK,Kauai Akialoa
KAAM,Kauai Amakihi
KAEL,Kauai Elepaio
KANU,Kauai Nukupuu
KAOO,Kauai Oo
KBMO,Keel-billed Motmot
KBTO,Keel-billed Toucan
KEGU,Kelp Gull
KEPL,Kentish Plover
KEWA,Kentucky Warbler
KEPE,Kermadec Petrel
KWQD,Key West Quail-Dove
KILL,Killdeer
KIEI,King Eider
KIRA,King Rail
KIVU,King Vulture
KIOE,Kioea
KIWA,Kirtland's Warbler
KIMU,Kittlitz's Murrelet
KOGR,Kona Grosbeak
KUGU,Kumlien's Gull
LSFL,La Sagra's Flycatcher
LSTH,La Selle Thrush
LABD,Labrador Duck
LBWO,Ladder-backed Woodpecker
LANH,Lanai Hookbill
LAMO,Lanceolated Monklet
LANW,Lanceolated Warbler
LATM,Lance-tailed Manakin
LALO,Lapland Longspur
LCGO,Large Canada Goose
LBSF,Large-billed Seed-Finch
LBSP,Large-billed Sparrow
LBTE,Large-billed Tern
LFFI,Large-footed Finch
LARB,Lark Bunting
LASP,Lark Sparrow
LTTR,Lattice-tailed Trogon
LAFA,Laughing Falcon
LAGU,Laughing Gull
LAVW,Lavender Waxbill
LAGO,Lawrence's Goldfinch
LAWA,Lawrence's Warbler
LAAL,Laysan Albatross
LAYD,Laysan Duck
LAFI,Laysan Finch
LAYH,Laysan Honeycreeper
LARA,Laysan Rail
LBFH,Laysan X Black-foot. Albatross Hybrid
LAZB,Lazuli Bunting
LESP,Leach's Storm-Petrel
LEAU,Least Auklet
LBVI,Least Bell's Vireo
LEBI,Least Bittern
LEFL,Least Flycatcher
LEGR,Least Grebe
LEPA,Least Pauraque
LESA,Least Sandpiper
LSTP,Least Storm-Petrel
LETE,Least Tern
LCSP,LeConte's Sparrow
LCTH,LeConte's Thrasher
LSTA,Lemon-spectacled Tanager
LEAK,Lesser Akialoa
LANB,Lesser Antillean Bullfinch
LAEU,Lesser Antillean Euphonia
LAFL,Lesser Antillean Flycatcher
LAPE,Lesser Antillean Pewee
LASA,Lesser Antillean Saltator
LASW,Lesser Antillean Swift
LATA,Lesser Antillean Tanager
LBBG,Lesser Black-backed Gull
LEEL,Lesser Elaenia
LEFR,Lesser Frigatebird
LEGP,Lesser Golden-Plover
LEGO,Lesser Goldfinch
LESG,Lesser Greenlet
LEGC,Lesser Ground-Cuckoo
LEKI,Lesser Kiskadee
LEKF,Lesser Koa-Finch
LENI,Lesser Nighthawk
LEPC,Lesser Prairie-Chicken
LERO,Lesser Roadrunner
LESC,Lesser Scaup
LSGB,Lesser Snow Goose Blue-morph
LSGI,Lesser Snow Goose Intermediate-morph
LSGW,Lesser Snow Goose White-morph
LSTS,Lesser Swallow-tailed Swift
LEVI,Lesser Violetear
LWFG,Lesser White-fronted Goose
LEWH,Lesser Whitethroat
LYHV,Lesser Yellow-headed Vulture
LEYE,Lesser Yellowlegs
LEMO,Lesson's Motmot
LESE,Lesson's Seedeater
LEWO,Lewis's Woodpecker
LFRR,Light-footed Ridgway's Rail
LMAL,Light-mantled Albatross
LCAM,Lilac-crowned Amazon
LIMP,Limpkin
LISP,Lincoln's Sparrow
LIFG,Lineated Foliage-gleaner
LIWO,Lineated Woodpecker
LISE,Lined Seedeater
LIBI,Little Bittern
LBHE,Little Blue Heron
LIBU,Little Bunting
LITC,Little Cuckoo
LICU,Little Curlew
LIEG,Little Egret
LIGU,Little Gull
LRPL,Little Ringed Plover
LIST,Little Stint
LITE,Little Tern
LITI,Little Tinamou
LIWT,Little White-Tern
LOKI,Loggerhead Kingbird
LOSH,Loggerhead Shrike
LBCU,Long-billed Curlew
LBDO,Long-billed Dowitcher
LBGN,Long-billed Gnatwren
LBIH,Long-billed Hermit
LBMU,Long-billed Murrelet
LBST,Long-billed Starthroat
LBTH,Long-billed Thrasher
LEOW,Long-eared Owl
LLBU,Long-legged Buzzard
LTDU,Long-tailed Duck
LTJA,Long-tailed Jaeger
LOTM,Long-tailed Manakin
LTSF,Long-tailed Silky-flycatcher
LTTY,Long-tailed Tyrant
LTWO,Long-tailed Woodcreeper
LTWP,Long-tailed Wood-Partridge
LTST,Long-toed Stint
LWHA,Long-winged Harrier
LOWA,Louisiana Waterthrush
LOCO,Lovely Cotinga
LUHU,Lucifer Hummingbird
LUWA,Lucy's Warbler
MGWA,MacGillivray's Warbler
MTWO,Magenta-throated Woodstar
MAFR,Magnificent Frigatebird
MAWA,Magnolia Warbler
MAST,Maguari Stork
MALL,Mallard
MBDH,Mallard X American Black Duck Hybrid
MHDH,Mallard X Hawaiian Duck Hybrid
MACU,Mangrove Cuckoo
MAHU,Mangrove Hummingbird
MARA,Mangrove Rail
MANS,Mangrove Swallow
MAVI,Mangrove Vireo
MANW,Mangrove Warbler
MASH,Manx Shearwater
MAGO,Marbled Godwit
MAMU,Marbled Murrelet
MAWQ,Marbled Wood-Quail
MASW,Mariana Swiftlet
MASP,Markham's Storm-Petrel
MCGD,Maroon-chested Ground Dove
MFPA,Maroon-fronted Parrot
MASA,Marsh Sandpiper
MAWR,Marsh Wren
MAOR,Martinique Oriole
MATH,Martinique Thrasher
MABO,Masked Booby
MADU,Masked Duck
MATI,Masked Tityra
MAAK,Maui Akepa
MAAL,Maui Alauahio
MANU,Maui Nukupuu
MAPA,Maui Parrotbill
MNAK,Maui-nui Akialoa
MAAN,Mayan Antthrush
MKBU,McKay's Bunting
MEPI,Meadow Pipit
MEAM,Mealy Amazon
MEEG,Medium Egret
MEBL,Melodious Blackbird
MERL,Merlin
MECH,Mexican Chickadee
MEDU,Mexican Duck
MEHE,Mexican Hermit
MEJA,Mexican Jay
MEPA,Mexican Parrotlet
MESH,Mexican Sheartail
MSOW,Mexican Spotted Owl
MSCU,Mexican Squirrel Cuckoo
MEVI,Mexican Violetear
MWPW,Mexican Whip-poor-will
MEWO,Mexican Woodnymph
MGRW,Middendorff's Grasshopper Warbler
MASO,Middle American Screech-Owl
MIMA,Military Macaw
MILL,Millerbird
MCGO,Minima Cackling Goose
MIKI,Mississippi Kite
MSCR,Mississippi Sandhill Crane
MITH,Mistle Thrush
MITY,Mistletoe Tyrannulet
MIPA,Mitred Parakeet
MOPA,Monk Parakeet
MORO,Montezuma Oropendola
MONQ,Montezuma Quail
MORI,Montserrat Oriole
MOSE,Morelet's Seedeater
MODU,Mottled Duck
MOOW,Mottled Owl
MOPE,Mottled Petrel
MOBL,Mountain Bluebird
MOCH,Mountain Chickadee
MOEL,Mountain Elaenia
MOPL,Mountain Plover
MOUQ,Mountain Quail
MOTH,Mountain Thrush
MOTR,Mountain Trogon
MWCS,Mountain White-crowned Sparrow
MODO,Mourning Dove
MOWA,Mourning Warbler
MCTY,Mouse-colored Tyrannulet
MOAN,Moustached Antwren
MUFL,Mugimaki Flycatcher
MUPE,Murphy's Petrel
MUDU,Muscovy Duck
MUSW,Mute Swan
MYWA,Myrtle Warbler
NAPA,Nanday Parakeet
NAFL,Narcissus Flycatcher
NBTO,Narrow-billed Tody
NAWA,Nashville Warbler
NATH,Naumann's Thrush
NAWR,Nava's Wren
NABO,Nazca Booby
NESP,Nelson's Sparrow
NECO,Neotropic Cormorant
NESH,Newell's Shearwater
NIGR,Nicaraguan Grackle
NISF,Nicaraguan Seed-Finch
NIWR,Nightingale Wren
NIFI,Nihoa Finch
NOBW,Northern Barred-Woodcreeper
NOBT,Northern Beardless-Tyrannulet
NOBE,Northern Bentbill
NOBO,Northern Bobwhite
NOBB,Northern Boobook
NOCA,Northern Cardinal
NOET,Northern Emerald-Toucanet
NOFL,Northern Flicker
NOFU,Northern Fulmar
NOGA,Northern Gannet
NOGP,Northern Giant-Petrel
NOHA,Northern Harrier
NHOW,Northern Hawk Owl
NHWR,Northern House Wren
NOJA,Northern Jacana
NOLA,Northern Lapwing
NOMO,Northern Mockingbird
NOPA,Northern Parula
NOPI,Northern Pintail
NOPX,Northern Plain Xenops
NORP,Northern Potoo
NOPO,Northern Pygmy-Owl
NRBI,Northern Red Bishop
NRWS,Northern Rough-winged Swallow
NSWO,Northern Saw-whet Owl
NOSC,Northern Schiffornis
NOSF,Northern Scrub-Flycatcher
NSHO,Northern Shoveler
NSHR,Northern Shrike
NSOW,Northern Spotted Owl
NOWA,Northern Waterthrush
NOWH,Northern Wheatear
NWCS,Nuttall's White-crowned Sparrow
NUWO,Nuttall's Woodpecker
NUFL,Nutting's Flycatcher
OAKE,Oahu Akepa
OAKI,Oahu Akialoa
OAAL,Oahu Alauahio
OAAM,Oahu Amakihi
OAEL,Oahu Elepaio
OANU,Oahu Nukupuu
OAOO,Oahu Oo
OATI,Oak Titmouse
OASP,Oaxaca Sparrow
OCAN,Ocellated Antbird
OCCR,Ocellated Crake
OCPO,Ocellated Poorwill
OCQU,Ocellated Quail
OCTH,Ocellated Thrasher
OCTU,Ocellated Turkey
OCPE,Ochraceous Pewee
OCWR,Ochraceous Wren
OBFL,Ochre-bellied Flycatcher
OBAN,Ochre-breasted Antpitta
OLOF,Ochre-lored Flatbill
OTFG,Ochre-throated Foliage-gleaner
OILB,Oilbird
OLIF,Olivaceous Flatbill
OLPI,Olivaceous Piculet
OLWO,Olivaceous Woodcreeper
OLSP,Olive Sparrow
OLWA,Olive Warbler
OBAE,Olive-backed Euphonia
OBPI,Olive-backed Pipit
OBQD,Olive-backed Quail-Dove
OCAW,Olive-capped Warbler
OCYE,Olive-crowned Yellowthroat
OSFL,Olive-sided Flycatcher
OSTF,Olive-striped Flycatcher
OTPA,Olive-throated Parakeet
OLOM,Olomao
OMAO,Omao
OCBE,One-colored Becard
ORAO,Orange Oriole
OBEE,Orange-bellied Euphonia
OBTR,Orange-bellied Trogon
OBNT,Orange-billed Nightingale-Thrush
OBSP,Orange-billed Sparrow
OBBU,Orange-breasted Bunting
OBFA,Orange-breasted Falcon
OCHW,Orange-cheeked Waxbill
OCPA,Orange-chinned Parakeet
OCMA,Orange-collared Manakin
OCOR,Orange-crowned Oriole
OCWA,Orange-crowned Warbler
OFPA,Orange-fronted Parakeet
ORAN,Orangequit
OROR,Orchard Oriole
ORJU,Oregon Junco
ORCU,Oriental Cuckoo
ORGR,Oriental Greenfinch
ORPL,Oriental Plover
ORPR,Oriental Pratincole
ORSO,Oriental Scops-Owl
ORTD,Oriental Turtle-Dove
ORWA,Oriente Warbler
ORGO,Orinoco Goose
ORHE,Ornate Hawk-Eagle
OSPR,Osprey
OU,Ou
OVEN,Ovenbird
PAAN,Pacific Antwren
PAGP,Pacific Golden-Plover
PALO,Pacific Loon
PACP,Pacific Parakeet
PASO,Pacific Screech-Owl
PAWR,Pacific Wren
PWWR,Pacific/Winter Wren
PBCR,Paint-billed Crake
PABU,Painted Bunting
PAIP,Painted Parakeet
PARE,Painted Redstart
PBHE,Pale-bellied Hermit
PBIW,Pale-billed Woodpecker
PBSP,Pale-breasted Spinetail
PEPT,Pale-eyed Pygmy-Tyrant
PVPI,Pale-vented Pigeon
PVTH,Pale-vented Thrush
PALI,Palila
PALB,Pallas's Bunting
PGWA,Pallas's Grasshopper Warbler
PAGU,Pallas's Gull
PLEW,Pallas's Leaf Warbler
PARO,Pallas's Rosefinch
PATA,Palm Tanager
PAWA,Palm Warbler
PALM,Palmchat
PAFL,Panama Flycatcher
PAAU,Parakeet Auklet
PAJA,Parasitic Jaeger
PAPE,Parkinson's Petrel
PAPI,Passenger Pigeon
PEKI,Pearl Kite
PBCU,Pearly-breasted Cuckoo
PETH,Pearly-eyed Thrasher
PEPI,Pechora Pipit
PESA,Pectoral Sandpiper
PBFI,Peg-billed Finch
PECO,Pelagic Cormorant
PEFA,Peregrine Falcon
PEBO,Peruvian Booby
PHAI,Phainopepla
PHCU,Pheasant Cuckoo
PHVI,Philadelphia Vireo
PIPU,Pied Puffbird
PIWT,Pied Water-Tyrant
PIWH,Pied Wheatear
PBGR,Pied-billed Grebe
PIGU,Pigeon Guillemot
PILF,Pileated Flycatcher
PIWO,Pileated Woodpecker
PIBU,Pine Bunting
PINF,Pine Flycatcher
PIGR,Pine Grosbeak
PISI,Pine Siskin
PIWA,Pine Warbler
PFGO,Pink-footed Goose
PFSH,Pink-footed Shearwater
PHWA,Pink-headed Warbler
PSJU,Pink-sided Junco
PIBI,Pinnated Bittern
PTSN,Pin-tailed Snipe
PTWH,Pin-tailed Whydah
PIJA,Pinyon Jay
PIPL,Piping Plover
PIRF,Piratic Flycatcher
PICH,Pirre Chlorospingus
PIHU,Pirre Hummingbird
PIRW,Pirre Warbler
PLAN,Plain Antvireo
PLCH,Plain Chachalaca
PLAP,Plain Pigeon
PBGD,Plain-breasted Ground Dove
PBRW,Plain-brown Woodcreeper
PCST,Plain-capped Starthroat
PCTA,Plain-colored Tanager
PLHA,Plumbeous Hawk
PLKI,Plumbeous Kite
PLUP,Plumbeous Pigeon
PLVI,Plumbeous Vireo
PLUW,Plumbeous Warbler
POJA,Pomarine Jaeger
POUL,Poo-uli
PRFA,Prairie Falcon
PRAW,Prairie Warbler
PBBA,Prong-billed Barbet
PROW,Prothonotary Warbler
PRPE,Providence Petrel
PUAI,Puaiohi
PRAM,Puerto Rican Amazon
PBWH,Puerto Rican Broad-winged Hawk
PRBU,Puerto Rican Bullfinch
PREM,Puerto Rican Emerald
PREU,Puerto Rican Euphonia
PRFL,Puerto Rican Flycatcher
PRLC,Puerto Rican Lizard-Cuckoo
PRMA,Puerto Rican Mango
PRNI,Puerto Rican Nightjar
PROR,Puerto Rican Oriole
PRIO,Puerto Rican Owl
PRPA,Puerto Rican Parakeet
PRPP,Puerto Rican Plain Pigeon
PSSH,Puerto Rican Sharp-shinned Hawk
PRSP,Puerto Rican Spindalis
PRTA,Puerto Rican Tanager
PRTO,Puerto Rican Tody
PRVI,Puerto Rican Vireo
PRWO,Puerto Rican Woodpecker
PSWS,Puget Sound White-crowned Sparrow
PUFI,Purple Finch
PUGA,Purple Gallinule
PUHE,Purple Heron
PUHO,Purple Honeycreeper
PUMA,Purple Martin
PUSA,Purple Sandpiper
PUSW,Purple Swamphen
PCFA,Purple-crowned Fairy
PTCA,Purple-throated Carib
PTFR,Purple-throated Fruitcrow
PTMG,Purple-throated Mountain-gem
PTWO,Purple-throated Woodstar
PBJA,Purplish-backed Jay
PBQD,Purplish-backed Quail-Dove
PYNU,Pygmy Nuthatch
PYRR,Pyrrhuloxia
RAZO,Razorbill
REAV,Red Avadavat
RECR,Red Crossbill
REJU,Red Junglefowl
REKN,Red Knot
REPH,Red Phalarope
RESI,Red Siskin
REWA,Red Warbler
RAGM,Red-and-green Macaw
RBJU,Red-backed Junco
RBSH,Red-backed Shrike
RBWO,Red-bellied Woodpecker
RBLE,Red-billed Leiothrix
RBPI,Red-billed Pigeon
RBSC,Red-billed Scythebill
RBST,Red-billed Streamertail
RBTR,Red-billed Tropicbird
RBRC,Red-breasted Chat
RBRM,Red-breasted Meadowlark
RBME,Red-breasted Merganser
RBNU,Red-breasted Nuthatch
RBSA,Red-breasted Sapsucker
RCMA,Red-capped Manakin
RCWO,Red-cockaded Woodpecker
RCCA,Red-crested Cardinal
RCAM,Red-crowned Amazon
RCAT,Red-crowned Ant-Tanager
RCRW,Red-crowned Woodpecker
REEG,Reddish Egret
REVI,Red-eyed Vireo
RFCO,Red-faced Cormorant
RFSP,Red-faced Spinetail
RFWA,Red-faced Warbler
RFBL,Red-flanked Bluetail
RFBO,Red-footed Booby
RFFA,Red-footed Falcon
RFPA,Red-fronted Parrotlet
REDH,Redhead
RHBA,Red-headed Barbet
RHTA,Red-headed Tanager
RHWO,Red-headed Woodpecker
RLHO,Red-legged Honeycreeper
RLKI,Red-legged Kittiwake
RLTH,Red-legged Thrush
RLAM,Red-lored Amazon
RMPA,Red-masked Parakeet
RNSA,Red-naped Sapsucker
RNAM,Red-necked Amazon
RNGR,Red-necked Grebe
RNPH,Red-necked Phalarope
RNST,Red-necked Stint
REDP,Redpoll
RRWO,Red-rumped Woodpecker
RSFL,Red-shafted Flicker
RSBL,Red-shouldered Blackbird
RSHA,Red-shouldered Hawk
RTHA,Red-tailed Hawk
RTTR,Red-tailed Tropicbird
RTAT,Red-throated Ant-Tanager
RTCA,Red-throated Caracara
RTLO,Red-throated Loon
RTPI,Red-throated Pipit
RVBU,Red-vented Bulbul
RWBU,Red-whiskered Bulbul
REDW,Redwing
RWBL,Red-winged Blackbird
REBU,Reed Bunting
REQU,Resplendent Quetzal
RHAU,Rhinoceros Auklet
RIHA,Ridgway's Hawk
RIRA,Ridgway's Rail
RBGU,Ring-billed Gull
RIKI,Ringed Kingfisher
RISP,Ringed Storm-Petrel
RNDU,Ring-necked Duck
RNEP,Ring-necked Pheasant
RTAP,Ring-tailed Pigeon
RIWA,River Warbler
RIWR,Riverside Wren
RIHU,Rivoli's Hummingbird
ROHA,Roadside Hawk
ROPI,Rock Pigeon
ROPT,Rock Ptarmigan
ROSA,Rock Sandpiper
ROWR,Rock Wren
ROOK,Rook
ROSP,Roseate Spoonbill
ROST,Roseate Tern
RBBU,Rose-bellied Bunting
RBGR,Rose-breasted Grosbeak
RRPA,Rose-ringed Parakeet
RTBE,Rose-throated Becard
RTTA,Rose-throated Tanager
ROGO,Ross's Goose
ROGU,Ross's Gull
ROTT,Rosy Thrush-Tanager
RFLO,Rosy-faced Lovebird
RLHA,Rough-legged Hawk
ROFL,Royal Flycatcher
ROYT,Royal Tern
RCKI,Ruby-crowned Kinglet
RTHU,Ruby-throated Hummingbird
RTOH,Ruby-topaz Hummingbird
RUCR,Ruddy Crake
RUDU,Ruddy Duck
RUFG,Ruddy Foliage-gleaner
RGDO,Ruddy Ground Dove
RUDP,Ruddy Pigeon
RUQD,Ruddy Quail-Dove
RUSH,Ruddy Shelduck
RUTR,Ruddy Treerunner
RUTU,Ruddy Turnstone
RUWO,Ruddy Woodcreeper
RBSE,Ruddy-breasted Seedeater
RCNT,Ruddy-capped Nightingale-Thrush
RDTF,Ruddy-tailed Flycatcher
RRKN,Rufa Red Knot
RTHE,Rufescent Tiger-Heron
RUFF,Ruff
RUGR,Ruffed Grouse
RUHU,Rufous Hummingbird
RMOT,Rufous Motmot
RMOU,Rufous Mourner
RUNI,Rufous Nightjar
RUFP,Rufous Piha
RUSA,Rufous Sabrewing
RAHH,Rufous x Allen's Hummingbird Hybrid
RAWW,Rufous-and-white Wren
RBRO,Rufous-backed Robin
RBAW,Rufous-backed Wren
RBEC,Rufous-bellied Chachalaca
RBAN,Rufous-breasted Antthrush
RBHE,Rufous-breasted Hermit
RBSP,Rufous-breasted Spinetail
RBSW,Rufous-breasted Wren
RBPE,Rufous-browed Peppershrike
RBTY,Rufous-browed Tyrannulet
RBWW,Rufous-browed Wren
RCBR,Rufous-capped Brushfinch
RCWA,Rufous-capped Warbler
RCRO,Rufous-collared Robin
RCOS,Rufous-collared Sparrow
RCRC,Rufous-crested Coquette
RCSP,Rufous-crowned Sparrow
RNWR,Rufous-necked Wood-Rail
RRAN,Rufous-rumped Antwren
RFTF,Rufous-tailed Flycatcher
RTAH,Rufous-tailed Hummingbird
RTJA,Rufous-tailed Jacamar
RTRO,Rufous-tailed Robin
RTRT,Rufous-tailed Rock-thrush
RTSO,Rufous-throated Solitaire
RVCH,Rufous-vented Chachalaca
RVGC,Rufous-vented Ground-Cuckoo
RWSP,Rufous-winged Sparrow
RWTA,Rufous-winged Tanager
RWWO,Rufous-winged Woodpecker
RUAN,Russet Antshrike
RUNT,Russet Nightingale-Thrush
RCMO,Russet-crowned Motmot
RCQD,Russet-crowned Quail-Dove
RSWR,Russet-naped Wood-Rail
RNAW,Russet-naped Wren
RWSC,Russet-winged Schiffornis
RUBU,Rustic Bunting
RUBL,Rusty Blackbird
RUSP,Rusty Sparrow
RCGS,Rusty-crowned Ground-Sparrow
RMFL,Rusty-margined Flycatcher
RWAN,Rusty-winged Antwren
SAGU,Sabine's Gull
SADF,Sad Flycatcher
SAFI,Saffron Finch
SHPA,Saffron-headed Parrot
SATH,Sage Thrasher
SABS,Sagebrush Sparrow
SALS,Saltmarsh Sparrow
SALF,Salvadorian Flycatcher
SAAL,Salvin's Albatross
SAVI,San Andres Vireo
SBJA,San Blas Jay
SCBS,San Clemente Bell's Sparrow
SCLS,San Clemente Loggerhead Shrike
SAND,Sanderling
SACR,Sandhill Crane
SATE,Sandwich Tern
SAPA,Sapayoa
SHTH,Sapphire-throated Hummingbird
SASH,Sargasso Shearwater
SAHA,Savanna Hawk
SAVS,Savannah Sparrow
SAPH,Say's Phoebe
SCPT,Scale-crested Pygmy-Tyrant
SCAA,Scaled Antpitta
SCPI,Scaled Pigeon
SCQU,Scaled Quail
SBRH,Scaly-breasted Hummingbird
SBMU,Scaly-breasted Munia
SBTH,Scaly-breasted Thrasher
SCBW,Scaly-breasted Wren
SNPI,Scaly-naped Pigeon
STFG,Scaly-throated Foliage-gleaner
STLE,Scaly-throated Leaftosser
SCIB,Scarlet Ibis
SCMA,Scarlet Macaw
SCTA,Scarlet Tanager
SBTA,Scarlet-browed Tanager
SRCA,Scarlet-rumped Cacique
SCRT,Scarlet-rumped Tanager
STDA,Scarlet-thighed Dacnis
SCHU,Scintillant Hummingbird
STFL,Scissor-tailed Flycatcher
SCSH,Scopoli's Shearwater
SCOR,Scott's Oriole
SCMU,Scripps's Murrelet
SEUP,Scrub Euphonia
SCRG,Scrub Greenlet
SESP,Seaside Sparrow
SEWA,Sedge Warbler
SEWR,Sedge Wren
SEPL,Semipalmated Plover
SESA,Semipalmated Sandpiper
SEHA,Semiplumbeous Hawk
SEMW,Semper's Warbler
SECF,Sepia-capped Flycatcher
SHAR,Sharpbill
SSHA,Sharp-shinned Hawk
STGR,Sharp-tailed Grouse
SPTS,Sharp-tailed Sandpiper
STSP,Sharp-tailed Sparrow
STST,Sharp-tailed Streamcreeper
SHHO,Shining Honeycreeper
SHCO,Shiny Cowbird
SBDO,Short-billed Dowitcher
SBIG,Short-billed Gull
SBPI,Short-billed Pigeon
SCCO,Short-crested Coquette
SEOW,Short-eared Owl
STAL,Short-tailed Albatross
STHA,Short-tailed Hawk
SHTN,Short-tailed Nighthawk
STTS,Short-tailed Shearwater
STSW,Short-tailed Swift
SIAC,Siberian Accentor
SBRO,Siberian Blue Robin
SIHM,Siberian House-Martin
SIPI,Siberian Pipit
SIRU,Siberian Rubythroat
SISP,Siberian Sand-Plover
SISW,Sick's Swift
SMSP,Sierra Madre Sparrow
STTA,Silver-throated Tanager
SFTA,Silvery-fronted Tapaculo
STHJ,Silvery-throated Jay
SICR,Sinaloa Crow
SIMA,Sinaloa Martin
SIWR,Sinaloa Wren
SIQU,Singing Quail
SCOG,Slate-colored Grosbeak
SCJU,Slate-colored Junco
SCSE,Slate-colored Seedeater
SCSO,Slate-colored Solitaire
SHTF,Slate-headed Tody-Flycatcher
STGN,Slate-throated Gnatcatcher
STRE,Slate-throated Redstart
SLAN,Slaty Antwren
SLFI,Slaty Finch
SLFL,Slaty Flowerpiercer
SLSP,Slaty Spinetail
SLVI,Slaty Vireo
SBFF,Slaty-backed Forest-Falcon
SBAG,Slaty-backed Gull
SBNT,Slaty-backed Nightingale-Thrush
SBTI,Slaty-breasted Tinamou
SLCF,Slaty-capped Flycatcher
STTR,Slaty-tailed Trogon
SWFG,Slaty-winged Foliage-gleaner
SLSH,Slender Sheartail
SBCU,Slender-billed Curlew
SBGR,Slender-billed Grackle
SBKI,Slender-billed Kite
SCGO,Small Canada Goose
SBEL,Small-billed Elaenia
SMEW,Smew
SMLO,Smith's Longspur
SMBW,Smoky-brown Woodpecker
SBAN,Smooth-billed Ani
SNKI,Snail Kite
SNBU,Snow Bunting
SNGO,Snow Goose
SRGH,Snow X Ross's Goose Hybrid
SRGO,Snow/Ross's Goose
SNOC,Snowcap
SNCO,Snowy Cotinga
SNEG,Snowy Egret
SNOW,Snowy Owl
SNPL,Snowy Plover
SBEH,Snowy-bellied Hummingbird
SOFL,Social Flycatcher
SODO,Socorro Dove
SOMO,Socorro Mockingbird
SOPA,Socorro Parakeet
SOCW,Socorro Wren
SOEA,Solitary Eagle
SOSA,Solitary Sandpiper
SOSN,Solitary Snipe
SOVI,Solitary Vireo
SOSP,Song Sparrow
SOTH,Song Thrush
SONW,Song Wren
SOGR,Sooty Grouse
SOSH,Sooty Shearwater
SOTE,Sooty Tern
SOOT,Sooty Thrush
SCCH,Sooty-capped Chlorospingus
SFFI,Sooty-faced Finch
SHTY,Sooty-headed Tyrannulet
SHEW,Sooty-headed Wren
SORA,Sora
SPSK,South Polar Skua
SOBT,Southern Beardless-Tyrannulet
SOBE,Southern Bentbill
SHOW,Southern House Wren
SOHW,Southern House-Wren
SOLA,Southern Lapwing
SOMA,Southern Martin
SRWS,Southern Rough-winged Swallow
SWFL,Southwestern Willow Flycatcher
SCHT,Spangle-cheeked Tanager
SKTH,Sparkling-tailed Hummingbird
SPMO,Speckled Mourner
SPTA,Speckled Tanager
SPEI,Spectacled Eider
SPEO,Spectacled Owl
SPPA,Spectacled Parrotlet
SPTH,Spectacled Thrush
SFAN,Spiny-faced Antshrike
SBSA,Spoon-billed Sandpiper
SBBO,Spot-bellied Bobwhite
SBOR,Spot-breasted Oriole
SBWP,Spot-breasted Woodpecker
SOBW,Spot-breasted Wren
SPCA,Spot-crowned Antvireo
SCBA,Spot-crowned Barbet
SPCE,Spot-crowned Euphonia
SCRW,Spot-crowned Woodcreeper
SFSW,Spot-fronted Swift
SPTN,Spot-tailed Nightjar
SPAN,Spotted Antbird
SPBA,Spotted Barbtail
SPCR,Spotted Crake
SPDO,Spotted Dove
SPFL,Spotted Flycatcher
SPOW,Spotted Owl
SPRA,Spotted Rail
SPRE,Spotted Redshank
SPSA,Spotted Sandpiper
SPTO,Spotted Towhee
SPWO,Spotted Woodcreeper
SPWQ,Spotted Wood-Quail
SPWR,Spotted Wren
SBOH,Spotted x Barred Owl Hybrid
SPPI,Sprague's Pipit
SPGR,Spruce Grouse
SKBU,St. Kitts Bullfinch
SLAM,St. Lucia Amazon
SLBF,St. Lucia Black Finch
SLOR,St. Lucia Oriole
SLTH,St. Lucia Thrasher
SLWA,St. Lucia Warbler
SLWR,St. Lucia Wren
SVAM,St. Vincent Amazon
SVWR,St. Vincent Wren
STPE,Stejneger's Petrel
STSC,Stejneger's Scoter
STEI,Steller's Eider
STJA,Steller's Jay
STSE,Steller's Sea-Eagle
STSA,Stilt Sandpiper
STOF,Stolid Flycatcher
SGBW,Straight-billed Woodcreeper
SBAO,Streak-backed Oriole
SBTR,Streak-breasted Treehunter
SCHA,Streak-chested Antpitta
STCA,Streak-crowned Antvireo
STRF,Streaked Flycatcher
SHLA,Streaked Horned Lark
SSAL,Streaked Saltator
STRS,Streaked Shearwater
STXE,Streaked Xenops
SHWO,Streak-headed Woodcreeper
STRH,Striated Heron
STCW,Strickland's Woodpecker
SIBW,Stripe-breasted Wren
SCHW,Stripe-cheeked Woodpecker
STCU,Striped Cuckoo
STRO,Striped Owl
SSPA,Striped Sparrow
STPW,Striped Woodhaunter
SHSP,Stripe-headed Sparrow
STHM,Stripe-tailed Hummingbird
STHR,Stripe-throated Hermit
STWR,Stripe-throated Wren
SNBW,Strong-billed Woodcreeper
SBTS,Stub-tailed Spadebill
STOW,Stygian Owl
SBFL,Sulphur-bellied Flycatcher
SRFL,Sulphur-rumped Flycatcher
SURT,Sulphur-rumped Tanager
SWPA,Sulphur-winged Parakeet
SUWR,Sumichrast's Wren
SUTA,Summer Tanager
SUNB,Sunbittern
SUNG,Sungrebe
SUSC,Surf Scoter
SURF,Surfbird
SUWA,Sutton's Warbler
SWHA,Swainson's Hawk
SWTH,Swainson's Thrush
SWWA,Swainson's Warbler
SWTA,Swallow Tanager
STGU,Swallow-tailed Gull
STKI,Swallow-tailed Kite
SWSP,Swamp Sparrow
SSTP,Swinhoe's Storm-Petrel
TACH,Tacarcuna Chlorospingus
TATA,Tacarcuna Tapaculo
TAWA,Tacarcuna Warbler
TAWQ,Tacarcuna Wood-Quail
TAPE,Tahiti Petrel
TABG,Taiga Bean-Goose
TAFL,Taiga Flycatcher
TAHU,Talamanca Hummingbird
TACR,Tamaulipas Crow
TAPO,Tamaulipas Pygmy-Owl
TBFL,Tawny-breasted Flycatcher
TCEU,Tawny-capped Euphonia
TCFL,Tawny-chested Flycatcher
TCNI,Tawny-collared Nightjar
TCTA,Tawny-crested Tanager
TCGR,Tawny-crowned Greenlet
TFGN,Tawny-faced Gnatwren
TFQU,Tawny-faced Quail
TSBL,Tawny-shouldered Blackbird
TTLE,Tawny-throated Leaftosser
TWWO,Tawny-winged Woodcreeper
TEST,Temminck's Stint
TEWA,Tennessee Warbler
TESA,Terek Sandpiper
THGU,Thayer's Gull
TKGU,Thayer's/Kumlien's Gull
TBEU,Thick-billed Euphonia
TBKI,Thick-billed Kingbird
TBLO,Thick-billed Longspur
TBMU,Thick-billed Murre
TBPA,Thick-billed Parrot
TBSF,Thick-billed Seed-Finch
TBVI,Thick-billed Vireo
TBWA,Thick-billed Warbler
THAN,Thicket Antpitta
THTI,Thicket Tinamou
TWBE,Three-wattled Bellbird
TIWR,Timberline Wren
TIHA,Tiny Hawk
TOMO,Tody Motmot
TBHU,Tooth-billed Hummingbird
TOTY,Torrent Tyrannulet
TOSH,Townsend's Shearwater
TOSO,Townsend's Solitaire
TOSP,Townsend's Storm-Petrel
TOWA,Townsend's Warbler
THWH,Townsend's x Hermit Warbler Hybrid
TRFL,Traill's Flycatcher
TRJA,Transvolcanic Jay
TRPI,Tree Pipit
TRES,Tree Swallow
TMHU,Tres Marias Hummingbird
TRBL,Tricolored Blackbird
TRHE,Tricolored Heron
TRMU,Tricolored Munia
TRPE,Trindade Petrel
TRSP,Tristram's Storm-Petrel
TRKI,Tropical Kingbird
TRMO,Tropical Mockingbird
TRPA,Tropical Parula
TROP,Tropical Pewee
TRSO,Tropical Screech-Owl
TRUS,Trumpeter Swan
TUDU,Tufted Duck
TUFL,Tufted Flycatcher
TUJA,Tufted Jay
TUPU,Tufted Puffin
TUTI,Tufted Titmouse
TWFG,Tule Greater White-fronted Goose
TUBG,Tundra Bean-Goose
TUSW,Tundra Swan
TUVU,Turkey Vulture
TUCO,Turquoise Cotinga
TBMO,Turquoise-browed Motmot
TCHU,Turquoise-crowned Hummingbird
TUQD,Tuxtla Quail-Dove
UAIH,Ula-ai-hawane
UNJA,Unicolored Jay
UAHA,Unidentified Accipiter/Astur Hawk
UNBI,Unidentified Bird
UNBL,Unidentified Blackbird
UNCH,Unidentified Chickadee
UNCR,Unidentified Crow
UNDO,Unidentified Dowitcher
UNDU,Unidentified Duck
UNEM,Unidentified Empidonax
UNFL,Unidentified Flycatcher
UNGO,Unidentified Goose
UHFI,Unidentified Haemorhous Finch
UNHA,Unidentified Hawk
UNHU,Unidentified Hummingbird
UNLG,Unidentified Larus Gull
UNOW,Unidentified Owl
UNPE,Unidentified Pewee
UPTA,Unidentified Piranga Tanager
URST,Unidentified Rufous-sided Towhee
SAGS,Unidentified Sage Sparrow
UNSA,Unidentified Sapsucker
USHU,Unidentified Selasphorus Hummingbird
UNSP,Unidentified Sparrow
UNSW,Unidentified Swallow
UNTH,Unidentified Thrush
UNVI,Unidentified Vireo
UNWA,Unidentified Warbler
UNWV,Unidentified Warbling-Vireo
UNWO,Unidentified Woodpecker
UNWR,Unidentified Wren
UNIC,Uniform Crake
USWO,Unspotted Saw-whet Owl
UPSA,Upland Sandpiper
VASE,Variable Seedeater
VABU,Varied Bunting
VASO,Varied Solitaire
VATH,Varied Thrush
VAFL,Variegated Flycatcher
VASW,Vaux's Swift
VEER,Veery
VEGU,Vega Gull
VESC,Velvet Scoter
VELM,Velvety Manakin
VETR,Venezuelan Troupial
VEWR,Veracruz Wren
VERM,Veraguan Mango
VERD,Verdin
VEFL,Vermilion Flycatcher
VEHU,Vervain Hummingbird
VESP,Vesper Sparrow
VIWE,Village Weaver
VIQD,Violaceous Quail-Dove
VISA,Violet Sabrewing
VBHU,Violet-bellied Hummingbird
VCAH,Violet-capped Hummingbird
VCHU,Violet-crowned Hummingbird
VGSW,Violet-green Swallow
VHHU,Violet-headed Hummingbird
VIRA,Virginia Rail
VIWA,Virginia's Warbler
VIDA,Viridian Dacnis
VITW,Vitelline Warbler
VOHU,Volcano Hummingbird
VOJU,Volcano Junco
WAAL,Wandering Albatross
WATA,Wandering Tattler
WAWE,Warbling White-eye
WAJA,Wattled Jacana
WAVA,Waved Albatross
WBWO,Wedge-billed Woodcreeper
WRSP,Wedge-rumped Storm-Petrel
WTGF,Wedge-tailed Grass-Finch
WTSA,Wedge-tailed Sabrewing
WTSH,Wedge-tailed Shearwater
WIWD,West Indian Whistling-Duck
WIWO,West Indian Woodpecker
WMCH,West Mexican Chachalaca
WMEU,West Mexican Euphonia
WEBL,Western Bluebird
WECE,Western Cattle-Egret
WECT,Western Chat-Tanager
WEFL,Western Flycatcher
WEGR,Western Grebe
WEGU,Western Gull
WEHM,Western House-Martin
WEKI,Western Kingbird
WMHA,Western Marsh Harrier
WEME,Western Meadowlark
WPWA,Western Palm Warbler
WERH,Western Reef-Heron
WESA,Western Sandpiper
WESO,Western Screech-Owl
WSPL,Western Snowy Plover
WESP,Western Spindalis
WETA,Western Tanager
WEWV,Western Warbling-Vireo
WEWR,Western Water-Rail
WEWP,Western Wood-Pewee
WGWH,Western X Glaucous-winged Gull Hybrid
WCGR,Western/Clark's Grebe
WHIM,Whimbrel
WHAU,Whiskered Auklet
WHSO,Whiskered Screech-Owl
WHTE,Whiskered Tern
WHHE,Whistling Heron
WHSW,Whistling Swan
WHIW,Whistling Warbler
WHHA,White Hawk
WHIB,White Ibis
WHWA,White Wagtail
WBEA,White-bellied Antbird
WBCH,White-bellied Chachalaca
WBEM,White-bellied Emerald
WBMG,White-bellied Mountain-gem
WBWR,White-bellied Wren
WBNU,White-breasted Nuthatch
WBWW,White-breasted Wood-Wren
WBGN,White-browed Gnatcatcher
WCAL,White-capped Albatross
WCHP,White-cheeked Pintail
WCPE,White-chinned Petrel
WCHS,White-chinned Swift
WCTH,White-chinned Thrush
WCOM,White-collared Manakin
WCSW,White-collared Swift
WCCO,White-crested Coquette
WCEL,White-crested Elaenia
WCRM,White-crowned Manakin
WCPA,White-crowned Parrot
WCPI,White-crowned Pigeon
WCSP,White-crowned Sparrow
WECO,White-eared Conebill
WEGS,White-eared Ground-Sparrow
WEHU,White-eared Hummingbird
WETH,White-eyed Thrush
WEVI,White-eyed Vireo
WFGS,White-faced Ground-Sparrow
WFIB,White-faced Ibis
WFAQ,White-faced Quail-Dove
WFSP,White-faced Storm-Petrel
WFWD,White-faced Whistling-Duck
WFLA,White-flanked Antwren
WFRA,White-fringed Antwren
WFAM,White-fronted Amazon
WFNU,White-fronted Nunbird
WFRQ,White-fronted Quail-Dove
WFSW,White-fronted Swift
WFTY,White-fronted Tyrannulet
WHWO,White-headed Woodpecker
WHWR,White-headed Wren
WLTA,White-lined Tanager
WLGN,White-lored Gnatcatcher
WNBR,White-naped Brushfinch
WNSW,White-naped Swift
WNCR,White-necked Crow
WNJA,White-necked Jacobin
WNPE,White-necked Petrel
WNPU,White-necked Puffbird
WRFL,White-ringed Flycatcher
WRMA,White-ruffed Manakin
WRSA,White-rumped Sandpiper
WRSH,White-rumped Shama
WHTH,White's Thrush
WSTA,White-shouldered Tanager
WSWO,White-striped Woodcreeper
WTEA,White-tailed Eagle
WTEM,White-tailed Emerald
WTHA,White-tailed Hawk
WTAH,White-tailed Hummingbird
WTKI,White-tailed Kite
WTNI,White-tailed Nightjar
WTPT,White-tailed Ptarmigan
WTAT,White-tailed Trogon
WTTR,White-tailed Tropicbird
WTGS,White-thighed Swallow
WTCR,White-throated Crake
WTFL,White-throated Flycatcher
WTJA,White-throated Jay
WTMJ,White-throated Magpie-Jay
WTMG,White-throated Mountain-gem
WTNE,White-throated Needletail
WTST,White-throated Shrike-Tanager
WTRS,White-throated Spadebill
WTSP,White-throated Sparrow
WTSW,White-throated Swift
WTTH,White-throated Thrush
WTTO,White-throated Towhee
WTDO,White-tipped Dove
WTSI,White-tipped Sicklebill
WVEU,White-vented Euphonia
WVPL,White-vented Plumeleteer
WWPU,White-whiskered Puffbird
WWBE,White-winged Becard
WWCR,White-winged Crossbill
WWDO,White-winged Dove
WWJU,White-winged Junco
WWPA,White-winged Parakeet
WWSC,White-winged Scoter
WWTA,White-winged Tanager
WWTE,White-winged Tern
WWWA,White-winged Warbler
WHOS,Whooper Swan
WHCR,Whooping Crane
WHMO,Whooping Motmot
WITU,Wild Turkey
WILL,Willet
WISA,Williamson's Sapsucker
WIFL,Willow Flycatcher
WIPT,Willow Ptarmigan
WILW,Willow Warbler
WIPH,Wilson's Phalarope
WIPL,Wilson's Plover
WISN,Wilson's Snipe
WISP,Wilson's Storm-Petrel
WIWA,Wilson's Warbler
WTHH,Wine-throated Hummingbird
WBAA,Wing-banded Antbird
WIWR,Winter Wren
WODU,Wood Duck
WOSA,Wood Sandpiper
WOST,Wood Stork
WOTH,Wood Thrush
WOWA,Wood Warbler
WOSJ,Woodhouse's Scrub-Jay
WEWA,Worm-eating Warbler
WOSP,Worthen's Sparrow
WRET,Wrenthrush
WREN,Wrentit
XAHU,Xantus's Hummingbird
YEBI,Yellow Bittern
YEGR,Yellow Grosbeak
YPWA,Yellow Palm Warbler
YERA,Yellow Rail
YETY,Yellow Tyrannulet
YEWA,Yellow Warbler
YBOR,Yellow-backed Oriole
YBTA,Yellow-backed Tanager
YBEL,Yellow-bellied Elaenia
YBFL,Yellow-bellied Flycatcher
YBSA,Yellow-bellied Sapsucker
YBSE,Yellow-bellied Seedeater
YBSI,Yellow-bellied Siskin
YBTY,Yellow-bellied Tyrannulet
YBAM,Yellow-billed Amazon
YBIC,Yellow-billed Cacique
YBCA,Yellow-billed Cardinal
YBCO,Yellow-billed Cotinga
YBCU,Yellow-billed Cuckoo
YBLO,Yellow-billed Loon
YBMA,Yellow-billed Magpie
YBTE,Yellow-billed Tern
YBSB,Yellow-breasted Bunting
YBCH,Yellow-breasted Chat
YBCR,Yellow-breasted Crake
YBWB,Yellow-browed Bunting
YBSV,Yellow-browed Shrike-Vireo
YBWA,Yellow-browed Warbler
YCPA,Yellow-chevroned Parakeet
YCCH,Yellow-collared Chlorophonia
YCAM,Yellow-crowned Amazon
YCBI,Yellow-crowned Bishop
YCEU,Yellow-crowned Euphonia
YCNH,Yellow-crowned Night Heron
YCTY,Yellow-crowned Tyrannulet
YETO,Yellow-eared Toucanet
YEJU,Yellow-eyed Junco
YFGR,Yellow-faced Grassquit
YFGU,Yellow-footed Gull
YFCA,Yellow-fronted Canary
YGBR,Yellow-green Brushfinch
YGGR,Yellow-green Grosbeak
YGTY,Yellow-green Tyrannulet
YGVI,Yellow-green Vireo
YHAM,Yellow-headed Amazon
YHBL,Yellow-headed Blackbird
YHCA,Yellow-headed Caracara
YHWA,Yellow-headed Warbler
YHOB,Yellow-hooded Blackbird
YEFL,Yellowish Flycatcher
YEPI,Yellowish Pipit
YLGU,Yellow-legged Gull
YLAM,Yellow-lored Amazon
YNAM,Yellow-naped Amazon
YNAL,Yellow-nosed Albatross
YOFL,Yellow-olive Flatbill
YRCA,Yellow-rumped Cacique
YRWA,Yellow-rumped Warbler
YSFL,Yellow-shafted Flicker
YSBL,Yellow-shouldered Blackbird
YSGR,Yellow-shouldered Grassquit
YTOR,Yellow-tailed Oriole
YTBR,Yellow-thighed Brushfinch
YTBU,Yellow-throated Bunting
YTCH,Yellow-throated Chlorospingus
YTEU,Yellow-throated Euphonia
YTNT,Yellow-throated Nightingale-Thrush
YTTO,Yellow-throated Toucan
YTVI,Yellow-throated Vireo
YTWA,Yellow-throated Warbler
YWCA,Yellow-winged Cacique
YWFL,Yellow-winged Flatbill
YWTA,Yellow-winged Tanager
YWVI,Yellow-winged Vireo
YUFL,Yucatan Flycatcher
YUGN,Yucatan Gnatcatcher
YUJA,Yucatan Jay
YUNI,Yucatan Nightjar
YUPO,Yucatan Poorwill
YUVI,Yucatan Vireo
YUWO,Yucatan Woodpecker
YUWR,Yucatan Wren
YRRA,Yuma Ridgway's Rail
ZARA,Zapata Rail
ZASP,Zapata Sparrow
ZAWR,Zapata Wren
ZEBD,Zebra Dove
ZEAN,Zeledon's Antbird
ZEND,Zenaida Dove
ZIPE,Zino's Petrel
ZTHA,Zone-tailed Hawk
ZSHY,Zonotrichia Sparrow Hybrid
CUPS,Cup-shaped sparrow call type
SWLI,Swamp/Lincoln's sparrow call type
SFHS,Song/Fox/Harris's sparrow call type
HSSP,High-sibilant sparrow call type
SBUF,Single-banded up/flat warbler call type
DESP,Descending sparrow call type
DEWA,Descending warbler call type
BUNT,Bunting group call type
GROS,Grosbeak group call type
THSH,Thrush group call type
GCBI,Gray-cheeked/Bicknell's thrush call type
ZEEP,‘Zeep' warbler call type
DBUP,Double-banded up-sweep warbler call type
BZWA,Buzzy warbler call type
CCBRS,Clay-colored/Brewer's sparrow call type
MWAR,MacGillivray's/Mourning warbler call type
TANA,Tanager group call type
BLUEB,Bluebird call type
